Issue Type,Issue key,Issue id,Summary,Assignee,Assignee Id,Reporter,Reporter Id,Priority,Status,Resolution,Created,Updated,Due date,Custom field ([CHART] Date of First Response),Custom field (Target Completion Date),Custom field (Time to resolution),Custom field (Time to first response)
Ticket,ARTM-181,45752,Doral OIL9 Mechanical Install Subcontract ,Rudy Gonzalez,712020:da530dc5-b929-4002-92ec-fab2c56e1ccc,Olivia Pennington,712020:93ca02f9-d71c-46e9-8a29-e98d3cbece60,Highest,New,,15/May/26 8:54 AM,18/May/26 11:47 AM,,2026-05-18 15:47:54.565,,,-54:53
Ticket,ARTM-180,45717,EX Erectors - MNDA,Jim Baehr,712020:a97c15d3-bbb3-4eb6-9d0f-029537d6ef08,Alyssa Colvin,712020:e762cf30-6841-4726-91e0-0bfb1e364860,Highest,Sent,,14/May/26 8:20 PM,18/May/26 11:56 AM,,,,,-67:45
Ticket,ARTM-179,45682,New Era Conveyor Solutions - MNDA Request ,Jim Baehr,712020:a97c15d3-bbb3-4eb6-9d0f-029537d6ef08,Alyssa Colvin,712020:e762cf30-6841-4726-91e0-0bfb1e364860,Highest,Processed For Signatures,,14/May/26 2:22 PM,18/May/26 11:44 AM,,2026-05-15 20:17:46.671,,,-5:55
Ticket,ARTM-178,45425,MNDA for a potential Pallet Rack erector supplier,Rudy Gonzalez,712020:da530dc5-b929-4002-92ec-fab2c56e1ccc,Bob Hosier,712020:a3bf0df8-6437-461e-944b-2e56c1bbbcf0,Highest,Completed,,12/May/26 2:48 PM,15/May/26 2:01 PM,,2026-05-13 14:39:26.387,,58:53,0:09
Ticket,ARTM-177,45392,McKesson - DCS NDA ,Rudy Gonzalez,712020:da530dc5-b929-4002-92ec-fab2c56e1ccc,Roger Manini,712020:451190b1-eda9-4796-9198-968ca3e03976,Highest,New,,12/May/26 12:28 PM,15/May/26 3:06 PM,,2026-05-12 17:07:17.626,,,19:21
Ticket,ARTM-176,45310,RFP Racking Questionnaire,Jim Baehr,712020:a97c15d3-bbb3-4eb6-9d0f-029537d6ef08,Roger Manini,712020:451190b1-eda9-4796-9198-968ca3e03976,Highest,Completed,,11/May/26 11:44 AM,11/May/26 12:13 PM,,,,,-148:21
Ticket,ARTM-175,45308,Quince would like ot begin discussions for DCS to become their main partner for integration services. THe MNDA is the first step needed. ,Jim Baehr,712020:a97c15d3-bbb3-4eb6-9d0f-029537d6ef08,Scott Singer,712020:ee6c14ee-174c-4ccc-8342-1e61fd25f420,Highest,Completed,,11/May/26 11:02 AM,11/May/26 12:13 PM,,2026-05-11 15:10:10.589,,39:15,19:51
Ticket,ARTM-174,45050,MNDA - Lowrie Electric,Jim Baehr,712020:a97c15d3-bbb3-4eb6-9d0f-029537d6ef08,Darren Mabe,712020:59adb23b-6eac-4979-97e3-a3c1faad0bf6,Highest,Completed,,08/May/26 10:28 AM,12/May/26 1:27 PM,,2026-05-08 21:58:57.894,,,12:29
Ticket,ARTM-173,45007,MNDA - PAR Electrical,Jim Baehr,712020:a97c15d3-bbb3-4eb6-9d0f-029537d6ef08,Darren Mabe,712020:59adb23b-6eac-4979-97e3-a3c1faad0bf6,Highest,Sent,,07/May/26 3:24 PM,11/May/26 12:01 PM,,2026-05-07 20:46:37.077,,,18:37
Ticket,ARTM-172,44994,NDA Request- TopIndustries,Jim Baehr,712020:a97c15d3-bbb3-4eb6-9d0f-029537d6ef08,Nathan Swift,712020:e9328490-64de-4afa-b013-04b673186471,Highest,Completed,,07/May/26 2:09 PM,11/May/26 1:30 PM,,2026-05-07 18:20:08.361,,,19:49
Ticket,ARTM-171,44858,MSA for Ross Stores,Rudy Gonzalez,712020:da530dc5-b929-4002-92ec-fab2c56e1ccc,Fred Rudolph,712020:b241a857-e844-43df-9289-c741ff2e815b,Highest,Discovery,,06/May/26 10:27 PM,12/May/26 1:04 PM,,2026-05-07 12:42:48.005,,48:58,-257:38
Ticket,ARTM-170,44661,FlexDrop NDA to receive client drawings,Rudy Gonzalez,712020:da530dc5-b929-4002-92ec-fab2c56e1ccc,Mike Hudak,712020:2fb9f9ba-dc54-4b39-9766-027b7edec470,Highest,Completed,,05/May/26 2:29 PM,12/May/26 7:20 PM,,,,12:30,-289:36
Ticket,ARTM-169,44624,RJW Group NDA DATUM prospect,Rudy Gonzalez,712020:da530dc5-b929-4002-92ec-fab2c56e1ccc,Shawn Cavasos,712020:102dc932-5e2e-4bef-a675-71636589752c,Highest,Sent,,04/May/26 4:57 PM,08/May/26 5:09 PM,,2026-05-04 21:53:22.166,,5:53,19:03
Ticket,ARTM-168,44473,Connors Group MNDA,Jim Baehr,712020:a97c15d3-bbb3-4eb6-9d0f-029537d6ef08,Rudy Gonzalez,712020:da530dc5-b929-4002-92ec-fab2c56e1ccc,Highest,Discovery,,04/May/26 8:01 AM,05/May/26 11:59 AM,,,,7:52,-320:04
Ticket,ARTM-167,44226,Review of Stord MNDA,Jim Baehr,712020:a97c15d3-bbb3-4eb6-9d0f-029537d6ef08,Satyen Pathak,712020:45fd1289-06b8-42b5-afe8-b355781d3a6d,Highest,Completed,,29/Apr/26 1:16 PM,30/Apr/26 8:40 AM,,,,,-434:49
Ticket,ARTM-166,44142,Change Order from GDIT,Jim Baehr,712020:a97c15d3-bbb3-4eb6-9d0f-029537d6ef08,Mark Kidwell,712020:aaff819b-1f55-4bda-a21c-447b23813c46,Highest,Completed,,29/Apr/26 9:52 AM,30/Apr/26 11:16 AM,,2026-04-29 13:53:43.802,,-26:06,-438:13
Ticket,ARTM-165,43964,SICK - NDA Completion,Jim Baehr,712020:a97c15d3-bbb3-4eb6-9d0f-029537d6ef08,Pat Switaj,712020:4c50f034-31b7-4354-997d-68436b478a7f,Highest,Processed for Approval/Signature,,28/Apr/26 12:45 PM,05/May/26 11:59 AM,,2026-04-28 17:02:42.232,,,19:42
Ticket,ARTM-164,43846,"Levi, Strauss & Company - MNDA",Jim Baehr,712020:a97c15d3-bbb3-4eb6-9d0f-029537d6ef08,Fred Rudolph,712020:b241a857-e844-43df-9289-c741ff2e815b,Highest,Completed,,27/Apr/26 5:11 PM,05/May/26 1:35 PM,,2026-04-27 21:56:52.902,,,19:14
Ticket,ARTM-163,43477,"Daimler Truck N.A. -- Bilateral Confidentiality, Master Purchasing Agreement, Master Service Agreement",Jim Baehr,712020:a97c15d3-bbb3-4eb6-9d0f-029537d6ef08,Roger Manini,712020:451190b1-eda9-4796-9198-968ca3e03976,Highest,Negotiate,,23/Apr/26 3:21 PM,01/May/26 9:19 AM,,2026-04-24 19:29:59.088,,,-4:08
Ticket,ARTM-162,43360,MNDA template from Rivian,Jim Baehr,712020:a97c15d3-bbb3-4eb6-9d0f-029537d6ef08,Fred Rudolph,712020:b241a857-e844-43df-9289-c741ff2e815b,Highest,Discovery,,22/Apr/26 5:59 PM,28/Apr/26 2:09 PM,,2026-04-24 13:57:51.384,,-50:06,-598:06
Ticket,ARTM-161,43179,Element-Logic MNDA,Jim Baehr,712020:a97c15d3-bbb3-4eb6-9d0f-029537d6ef08,Sarah Haney,712020:e6914fbd-c561-484f-ba0d-790dff4f0f83,Highest,Negotiation,,22/Apr/26 10:38 AM,01/May/26 9:57 AM,,2026-04-24 17:46:41.523,,-49:00,-31:07
Ticket,ARTM-160,43047,Review of IMI Mechanical Engineer Candidate Non-Compete,Jim Baehr,712020:a97c15d3-bbb3-4eb6-9d0f-029537d6ef08,LeandraBryan@imikansas.com,qm:70fa0599-e00f-42c0-9e5a-b1b09fb44891:19931e6c-7b7d-4c5f-9769-1e6e70951a7f,Highest,Completed,,21/Apr/26 11:21 AM,24/Apr/26 10:03 AM,,2026-04-24 14:03:36.608,,-52:41,-628:44
Ticket,ARTM-159,42943,(Shipper's Supply) MNDA for equipment discussions related to William's Sonoma,Rudy Gonzalez,712020:da530dc5-b929-4002-92ec-fab2c56e1ccc,Matt Simmons,712020:1188e963-d5fb-4d97-83b0-8301c7854412,Highest,Completed,,20/Apr/26 3:04 PM,24/Apr/26 5:46 PM,,2026-04-22 12:56:32.313,,-66:06,-21:52
Ticket,ARTM-158,42835,Review current MSA and MWO as well as redlined future MWO language with Amazon to determine risk of selling DATUM to Amazon,Rudy Gonzalez,712020:da530dc5-b929-4002-92ec-fab2c56e1ccc,JJ Phelan,712020:b78249b4-419a-41b7-a36f-c408ef4bbc39,Highest,Completed,,20/Apr/26 11:33 AM,24/Apr/26 2:44 PM,,,,-74:06,-652:32
Ticket,ARTM-157,42594,SOW Review & Clean up for Prologis Essentials,Jim Baehr,712020:a97c15d3-bbb3-4eb6-9d0f-029537d6ef08,Scott Singer,712020:ee6c14ee-174c-4ccc-8342-1e61fd25f420,Highest,Completed,,17/Apr/26 4:52 PM,21/Apr/26 8:38 AM,,,,,-719:13
Ticket,ARTM-156,42561,Fox Factory - Need to provide client with Mutual NDA,Jim Baehr,712020:a97c15d3-bbb3-4eb6-9d0f-029537d6ef08,Scott Singer,712020:ee6c14ee-174c-4ccc-8342-1e61fd25f420,Highest,Completed,,17/Apr/26 4:12 PM,30/Apr/26 11:13 AM,,2026-04-17 20:15:20.021,,-74:06,19:56
Ticket,ARTM-155,42560,Could you please provide the most recent mutual NDA that I can share with the client?,Jim Baehr,712020:a97c15d3-bbb3-4eb6-9d0f-029537d6ef08,Scott Singer,712020:ee6c14ee-174c-4ccc-8342-1e61fd25f420,Highest,Completed,,17/Apr/26 3:56 PM,17/Apr/26 4:56 PM,,2026-04-17 20:11:29.784,,,19:45
Ticket,ARTM-154,42527,Google NDA for RFP Opportunity,Jim Baehr,712020:a97c15d3-bbb3-4eb6-9d0f-029537d6ef08,Justin Ray,712020:a6d30ccc-c9c5-49c3-bb57-706285d10451,Highest,Completed,,16/Apr/26 10:38 PM,17/Apr/26 12:05 PM,,,,,-737:27
Ticket,ARTM-153,42269,Review of IMI Project Engineer Candidate Non-Compete,Jim Baehr,712020:a97c15d3-bbb3-4eb6-9d0f-029537d6ef08,LeandraBryan@imikansas.com,qm:70fa0599-e00f-42c0-9e5a-b1b09fb44891:19931e6c-7b7d-4c5f-9769-1e6e70951a7f,Highest,Completed,,14/Apr/26 10:50 AM,24/Apr/26 2:43 PM,,2026-04-15 12:29:25.796,,-85:53,-1:38
Ticket,ARTM-152,42166,JR Automation MNDA,Jim Baehr,712020:a97c15d3-bbb3-4eb6-9d0f-029537d6ef08,JJ Phelan,712020:b78249b4-419a-41b7-a36f-c408ef4bbc39,Highest,Completed,,14/Apr/26 8:36 AM,28/Apr/26 2:12 PM,,,,,-799:29
Ticket,ARTM-151,42165,Support for WSI DATUM SOW,Rudy Gonzalez,712020:da530dc5-b929-4002-92ec-fab2c56e1ccc,Scott Singer,712020:ee6c14ee-174c-4ccc-8342-1e61fd25f420,Highest,Initiate,,14/Apr/26 8:26 AM,16/Apr/26 9:24 AM,,,,,-799:39
Ticket,ARTM-150,41996,Proactive Global - DCS MSA to present to Cian Denvir ,Jim Baehr,712020:a97c15d3-bbb3-4eb6-9d0f-029537d6ef08,Ruth Ann Rooker,712020:ea0624cd-ac60-4dbf-856d-a2f244a8191e,Highest,Changes Requested,,10/Apr/26 2:19 PM,08/May/26 11:30 AM,,2026-04-10 20:30:40.858,,,17:49
Ticket,ARTM-149,41893,Fanatics MNDA,Rudy Gonzalez,712020:da530dc5-b929-4002-92ec-fab2c56e1ccc,Rudy Gonzalez,712020:da530dc5-b929-4002-92ec-fab2c56e1ccc,Highest,Completed,,09/Apr/26 5:49 PM,06/May/26 1:56 PM,,2026-04-15 12:53:34.967,,-98:06,-115:03
Ticket,ARTM-148,41793,Testing Salesforce Integration *Do not delete,Jim Baehr,712020:a97c15d3-bbb3-4eb6-9d0f-029537d6ef08,Brenna Maloy,712020:c49ecfe7-6d0f-4f31-86d0-4554369e35d5,Highest,Completed,,09/Apr/26 1:47 PM,09/Apr/26 4:24 PM,,2026-04-09 20:24:35.348,,,-914:18
Ticket,ARTM-147,41724,Memphis MEWS Contract,Rudy Gonzalez,712020:da530dc5-b929-4002-92ec-fab2c56e1ccc,Satyen Pathak,712020:45fd1289-06b8-42b5-afe8-b355781d3a6d,Highest,Completed,,09/Apr/26 10:51 AM,16/Apr/26 3:23 PM,,2026-04-09 14:56:23.535,,-135:21,-917:14
Ticket,ARTM-146,41691,Biehle redline to section 3 of subcontract.  ,Jim Baehr,712020:a97c15d3-bbb3-4eb6-9d0f-029537d6ef08,Candace Robinson,712020:b78c48c6-502a-4cfa-9674-b06bc17916d2,Highest,Completed,,08/Apr/26 3:18 PM,17/Apr/26 12:27 PM,,2026-04-09 14:44:05.566,,,0:34
Ticket,ARTM-145,40659,Capstone MNDA,Jim Baehr,712020:a97c15d3-bbb3-4eb6-9d0f-029537d6ef08,Candace Robinson,712020:b78c48c6-502a-4cfa-9674-b06bc17916d2,Highest,Completed,,30/Mar/26 6:17 PM,31/Mar/26 5:23 PM,,,,,-1149:48
Ticket,ARTM-144,40621,"MNDA request  General Mechanical Services, Inc.",Jim Baehr,712020:a97c15d3-bbb3-4eb6-9d0f-029537d6ef08,Wesley Smith,712020:5e9b5786-5ee2-41df-b744-c94a2f133a6a,Highest,Completed,,30/Mar/26 3:28 PM,09/Apr/26 4:26 PM,,2026-03-30 20:17:40.493,,,18:05
Ticket,ARTM-142,40500,GRACO - Proposal Review,Rudy Gonzalez,712020:da530dc5-b929-4002-92ec-fab2c56e1ccc,Jim Baehr,712020:a97c15d3-bbb3-4eb6-9d0f-029537d6ef08,Highest,Completed,,30/Mar/26 9:07 AM,31/Mar/26 8:30 AM,,,,-202:06,-1158:58
Ticket,ARTM-141,40401,MNDA with Frazier,Sarah Haney,712020:e6914fbd-c561-484f-ba0d-790dff4f0f83,Sarah Haney,712020:e6914fbd-c561-484f-ba0d-790dff4f0f83,Highest,Completed,,26/Mar/26 5:48 PM,27/Mar/26 9:50 AM,,,,,-1246:17
Ticket,ARTM-140,40400,Dambach MNDA,Sarah Haney,712020:e6914fbd-c561-484f-ba0d-790dff4f0f83,Sarah Haney,712020:e6914fbd-c561-484f-ba0d-790dff4f0f83,Highest,Completed,,26/Mar/26 5:47 PM,30/Mar/26 9:01 AM,,,,,-1246:18
Ticket,ARTM-139,40367,Robotunits MNDA,Jim Baehr,712020:a97c15d3-bbb3-4eb6-9d0f-029537d6ef08,Candace Robinson,712020:b78c48c6-502a-4cfa-9674-b06bc17916d2,Highest,Completed,,26/Mar/26 1:39 PM,07/Apr/26 10:11 AM,,2026-03-26 20:14:17.269,,,17:25
Ticket,ARTM-138,40325,Guest Engineering MNDA,Sarah Haney,712020:e6914fbd-c561-484f-ba0d-790dff4f0f83,Matt Ramsey,712020:3c8e3d80-4bea-475a-b520-3950cff783f1,Highest,Completed,,26/Mar/26 11:43 AM,31/Mar/26 1:22 PM,,,,-210:06,-1252:22
Ticket,ARTM-137,40292,Crawford T&C Redlines,Rudy Gonzalez,712020:da530dc5-b929-4002-92ec-fab2c56e1ccc,Candace Robinson,712020:b78c48c6-502a-4cfa-9674-b06bc17916d2,Highest,Intake Approval,,26/Mar/26 10:20 AM,24/Apr/26 5:48 PM,,2026-03-31 14:00:55.187,,-216:56,-99:40
Ticket,ARTM-136,40291,Bimbo Vendor Setup Form,Rudy Gonzalez,712020:da530dc5-b929-4002-92ec-fab2c56e1ccc,Chris Mehl,712020:fbbf3826-8b54-44b4-af81-63db42e31efc,Highest,Completed,,26/Mar/26 10:15 AM,27/Mar/26 12:41 PM,,,,-216:57,-1253:50
Ticket,ARTM-135,40225,Salesforce/Deloitte - MNDA,Jim Baehr,712020:a97c15d3-bbb3-4eb6-9d0f-029537d6ef08,Gabe Rybicki,712020:73e1ea10-6739-4b03-addd-e9e187c3caed,Highest,Completed,,25/Mar/26 9:42 PM,26/Mar/26 11:54 AM,,,,-216:57,-1266:23
Ticket,ARTM-134,40192,Koerber - IMI NDA,Jim Baehr,712020:a97c15d3-bbb3-4eb6-9d0f-029537d6ef08,Meg Smith,70121:ed98365c-5c88-4885-9277-40f8fd6b4a6e,Highest,Completed,,25/Mar/26 5:44 PM,07/Apr/26 10:19 AM,,2026-03-26 00:56:30.25,,-218:06,16:47
Ticket,ARTM-133,40126,Worldwide Material Handling - Master Sub Agreement,Rudy Gonzalez,712020:da530dc5-b929-4002-92ec-fab2c56e1ccc,Callie Harding,712020:0a107110-3edf-4068-b6b0-e1d185bda448,Highest,Completed,,25/Mar/26 12:48 PM,27/Apr/26 9:47 AM,,,,-222:25,-1275:17
Ticket,ARTM-132,40125,NDA Request- Huron,Rudy Gonzalez,712020:da530dc5-b929-4002-92ec-fab2c56e1ccc,Nathan Swift,712020:e9328490-64de-4afa-b013-04b673186471,Highest,Completed,,25/Mar/26 12:43 PM,23/Apr/26 5:16 PM,,,,-222:25,-1275:22
Ticket,ARTM-131,40019,Salesforce is bringing Deloitte to the office on 3/31,Jim Baehr,712020:a97c15d3-bbb3-4eb6-9d0f-029537d6ef08,Kay Turner,712020:21fc6953-af71-448e-b69e-1d3bb42660c9,Highest,Completed,,24/Mar/26 3:05 PM,31/Mar/26 10:38 AM,,2026-03-24 19:13:39.112,,-226:39,19:51
Ticket,ARTM-130,39832,Edwards Garment MNDA,Sarah Haney,712020:e6914fbd-c561-484f-ba0d-790dff4f0f83,Roger Manini,712020:451190b1-eda9-4796-9198-968ca3e03976,Highest,Completed,,23/Mar/26 10:27 AM,30/Mar/26 10:02 AM,,2026-03-23 14:35:25.599,,-240:59,19:51
Ticket,ARTM-129,39831,Regal-Rexnor Question about T&Cs,Jim Baehr,712020:a97c15d3-bbb3-4eb6-9d0f-029537d6ef08,Candace Robinson,712020:b78c48c6-502a-4cfa-9674-b06bc17916d2,Highest,Completed,,23/Mar/26 10:16 AM,28/Apr/26 2:10 PM,,2026-03-23 14:29:13.851,,-236:58,-1325:49
Ticket,ARTM-128,39732,Span Tech - MNDA,Rudy Gonzalez,712020:da530dc5-b929-4002-92ec-fab2c56e1ccc,Matt Greene,712020:dc0304d7-108e-4c7e-a91e-20859399d077,Highest,Completed,,20/Mar/26 3:19 PM,25/Mar/26 4:16 PM,,2026-03-20 21:26:50.7,,-236:47,17:52
Ticket,ARTM-127,39728,Dematic PO Ts & Cs ,Jim Baehr,712020:a97c15d3-bbb3-4eb6-9d0f-029537d6ef08,Olivia Pennington,712020:93ca02f9-d71c-46e9-8a29-e98d3cbece60,Highest,Completed,,20/Mar/26 2:01 PM,20/Mar/26 5:23 PM,,2026-03-20 18:11:49.038,,,19:49
Ticket,ARTM-126,39691,MNDA request - Steel Pro,Jim Baehr,712020:a97c15d3-bbb3-4eb6-9d0f-029537d6ef08,Brent Whittaker,712020:c0527f63-73dd-434b-9d31-e74561d6461c,Highest,Completed,,19/Mar/26 5:10 PM,19/Mar/26 5:27 PM,,2026-03-19 21:24:04.846,,,19:46
Ticket,ARTM-125,39690,Discussion about Material Supplier Install,Jim Baehr,712020:a97c15d3-bbb3-4eb6-9d0f-029537d6ef08,Brent Whittaker,712020:c0527f63-73dd-434b-9d31-e74561d6461c,Highest,Discovery,,19/Mar/26 5:09 PM,24/Apr/26 2:42 PM,,2026-04-07 14:15:34.7,,-218:06,-1414:56
Ticket,ARTM-124,39654,MNDA between DCS and Grupo Ramos,Rudy Gonzalez,712020:da530dc5-b929-4002-92ec-fab2c56e1ccc,Roger Manini,712020:451190b1-eda9-4796-9198-968ca3e03976,Highest,Changes Requested,,18/Mar/26 9:24 AM,12/May/26 1:10 PM,,2026-04-23 16:32:44.506,,-258:06,-847:08
Ticket,ARTM-123,39554,"Matthews Sub Contract red lines - OIL9, OSC9, OOH9",Jim Baehr,712020:a97c15d3-bbb3-4eb6-9d0f-029537d6ef08,Jennifer Thompson,712020:acd3131e-6834-4e58-a06b-47b25343497a,Highest,Completed,,16/Mar/26 10:28 AM,07/Apr/26 9:01 AM,,2026-03-16 14:35:22.389,,-281:30,19:52
Ticket,ARTM-122,39478,NDA:  WWMH,Sarah Haney,712020:e6914fbd-c561-484f-ba0d-790dff4f0f83,Matt Greene,712020:dc0304d7-108e-4c7e-a91e-20859399d077,Highest,Completed,,12/Mar/26 6:02 PM,23/Mar/26 11:02 AM,,2026-03-13 00:18:53.903,,,17:43
Ticket,ARTM-121,39467,MNDA with Mihi Engineering,Sarah Haney,712020:e6914fbd-c561-484f-ba0d-790dff4f0f83,Vijay Kapila,712020:c1c06019-c5b4-4e77-9e87-683c76e71dd0,Highest,Completed,,12/Mar/26 2:12 PM,16/Mar/26 4:55 PM,,2026-03-12 18:19:42.469,,,19:52
Ticket,ARTM-120,39466,Terralytic - License Services Agreement,Rudy Gonzalez,712020:da530dc5-b929-4002-92ec-fab2c56e1ccc,Jim Baehr,712020:a97c15d3-bbb3-4eb6-9d0f-029537d6ef08,Highest,Completed,,12/Mar/26 12:47 PM,02/Apr/26 9:27 AM,,2026-03-25 18:33:04.104,,-295:18,-293:46
Ticket,ARTM-119,39430,Muir AI MNDA - Two sustainability contracts for review this week,Sarah Haney,712020:e6914fbd-c561-484f-ba0d-790dff4f0f83,Marty Grady,712020:fcae7dac-403b-4f43-af95-010b7d3533ec,Highest,Completed,,12/Mar/26 2:51 AM,23/Mar/26 11:52 PM,,2026-03-12 15:16:22.159,,,11:35
Ticket,ARTM-118,39397,Safety Manager Agreement,Jim Baehr,712020:a97c15d3-bbb3-4eb6-9d0f-029537d6ef08,Candace Robinson,712020:b78c48c6-502a-4cfa-9674-b06bc17916d2,Highest,Completed,,11/Mar/26 8:03 PM,12/Mar/26 2:16 PM,,2026-03-12 14:11:56.868,,,5:51
Ticket,ARTM-117,39396,Titan Contract Signature Request ,Jim Baehr,712020:a97c15d3-bbb3-4eb6-9d0f-029537d6ef08,Olivia Pennington,712020:93ca02f9-d71c-46e9-8a29-e98d3cbece60,Highest,Completed,,11/Mar/26 4:54 PM,26/Mar/26 12:55 PM,,,,,-1607:11
Ticket,ARTM-116,39291,EuroSort - Ts & Cs,Rudy Gonzalez,712020:da530dc5-b929-4002-92ec-fab2c56e1ccc,Jim Baehr,712020:a97c15d3-bbb3-4eb6-9d0f-029537d6ef08,Highest,Completed,,10/Mar/26 3:43 PM,30/Mar/26 9:05 AM,,,,-308:20,-1632:22
Ticket,ARTM-115,39150,Fletchline Subcontract - Walmart IND,Rudy Gonzalez,712020:da530dc5-b929-4002-92ec-fab2c56e1ccc,Brent Whittaker,712020:c0527f63-73dd-434b-9d31-e74561d6461c,Highest,Completed,,05/Mar/26 10:43 AM,31/Mar/26 3:00 PM,,2026-03-31 18:00:33.519,,-308:21,-1756:23
Ticket,ARTM-114,39148,ROMS MNDA,Sarah Haney,712020:e6914fbd-c561-484f-ba0d-790dff4f0f83,Justin Willbanks,712020:ead163d6-ad62-4b73-b8ec-f4cc7c832c61,Highest,Completed,,04/Mar/26 7:04 PM,11/Mar/26 12:38 PM,,,,-338:06,-1772:01
Ticket,ARTM-113,39147,Attabotics MNDA,Sarah Haney,712020:e6914fbd-c561-484f-ba0d-790dff4f0f83,Justin Willbanks,712020:ead163d6-ad62-4b73-b8ec-f4cc7c832c61,Highest,Completed,,04/Mar/26 7:02 PM,05/Mar/26 12:47 PM,,2026-03-05 17:44:41.972,,-338:06,2:17
Ticket,ARTM-112,39145,Titan MNDA request,Rudy Gonzalez,712020:da530dc5-b929-4002-92ec-fab2c56e1ccc,Jennifer Thompson,712020:acd3131e-6834-4e58-a06b-47b25343497a,Highest,Completed,,04/Mar/26 11:00 AM,06/Mar/26 9:32 AM,,2026-03-04 16:22:04.534,,-343:58,18:41
Ticket,ARTM-111,39143,APTR has asked us to review and consider an amendment to the current MSA. I'd also like to present an amendment of our own to APTR's MSA regarding candidate ownership being job specific.,Sarah Haney,712020:e6914fbd-c561-484f-ba0d-790dff4f0f83,Ruth Ann Rooker,712020:ea0624cd-ac60-4dbf-856d-a2f244a8191e,Highest,Completed,,03/Mar/26 3:19 PM,04/Mar/26 11:32 AM,,2026-03-03 20:22:23.989,,-346:06,19:57
Ticket,ARTM-110,39088,HCL - MNDA,Rudy Gonzalez,712020:da530dc5-b929-4002-92ec-fab2c56e1ccc,Roger Manini,712020:451190b1-eda9-4796-9198-968ca3e03976,High,Completed,,27/Feb/26 8:54 AM,02/Mar/26 9:02 AM,,2026-02-27 19:05:07.946,,,14:48
Ticket,ARTM-109,39041,Painting Supplier needs MNDA,Jim Baehr,712020:a97c15d3-bbb3-4eb6-9d0f-029537d6ef08,Candace Robinson,712020:b78c48c6-502a-4cfa-9674-b06bc17916d2,Highest,Completed,,24/Feb/26 11:49 AM,31/Mar/26 10:33 AM,,2026-02-24 17:14:45.837,,,19:35
Ticket,ARTM-108,38994,TerraCon Master Services Agreement,Jim Baehr,712020:a97c15d3-bbb3-4eb6-9d0f-029537d6ef08,Candace Robinson,712020:b78c48c6-502a-4cfa-9674-b06bc17916d2,Highest,Completed,,20/Feb/26 5:43 PM,25/Feb/26 11:14 AM,,2026-02-21 00:31:03.315,,,18:12
Ticket,ARTM-107,38973,Nordstrom DC699 RFx — Legal Review Request (MSA + RFx Terms & Conditions),Rudy Gonzalez,712020:da530dc5-b929-4002-92ec-fab2c56e1ccc,Scott Singer,712020:ee6c14ee-174c-4ccc-8342-1e61fd25f420,Highest,Completed,,19/Feb/26 11:41 AM,06/Apr/26 9:21 AM,,2026-02-19 18:26:12.722,,-410:06,-5:11
Ticket,ARTM-106,38947,EDMCI has redlined our standard subcontract agreement.  We need to review the redlines and work to resolve this by EOW.  ,Rudy Gonzalez,712020:da530dc5-b929-4002-92ec-fab2c56e1ccc,Candace Robinson,712020:b78c48c6-502a-4cfa-9674-b06bc17916d2,Highest,Completed,,16/Feb/26 2:24 PM,23/Mar/26 10:55 AM,,2026-02-16 20:21:09.036,,-436:37,18:55
Ticket,ARTM-104,38682,MNDA request ,Sarah Haney,712020:e6914fbd-c561-484f-ba0d-790dff4f0f83,Wesley Smith,712020:5e9b5786-5ee2-41df-b744-c94a2f133a6a,Highest,Completed,,09/Feb/26 1:43 PM,16/Feb/26 9:13 AM,,,,,-2329:23
Ticket,ARTM-103,38441,MNDA request with Intralox,Jim Baehr,712020:a97c15d3-bbb3-4eb6-9d0f-029537d6ef08,Satyen Pathak,712020:45fd1289-06b8-42b5-afe8-b355781d3a6d,Highest,Completed,,05/Feb/26 3:42 PM,24/Apr/26 2:36 PM,,,,,-2423:23
Ticket,ARTM-102,38337,Percivon MSA for Engineering services to augment our team,Sarah Haney,712020:e6914fbd-c561-484f-ba0d-790dff4f0f83,Vijay Kapila,712020:c1c06019-c5b4-4e77-9e87-683c76e71dd0,Highest,Completed,,05/Feb/26 10:27 AM,13/Feb/26 1:06 PM,,,,,-2428:38
Ticket,ARTM-100,38119,Connors Group - MNDA,Rudy Gonzalez,712020:da530dc5-b929-4002-92ec-fab2c56e1ccc,Mark Kidwell,712020:aaff819b-1f55-4bda-a21c-447b23813c46,Highest,Completed,,04/Feb/26 10:21 AM,24/Feb/26 12:30 PM,,2026-02-04 15:27:40.813,,-505:07,19:54
Ticket,ARTM-99,37973,Ross Stores MNDA review,Rudy Gonzalez,712020:da530dc5-b929-4002-92ec-fab2c56e1ccc,Fred Rudolph,712020:b241a857-e844-43df-9289-c741ff2e815b,Highest,Completed,,03/Feb/26 11:12 AM,03/Mar/26 3:45 PM,,2026-02-03 16:17:09.602,,-512:14,19:55
Ticket,ARTM-98,37839,Retainer Agreement - Y Carrot,Sarah Haney,712020:e6914fbd-c561-484f-ba0d-790dff4f0f83,Rudy Gonzalez,712020:da530dc5-b929-4002-92ec-fab2c56e1ccc,High,Completed,,02/Feb/26 2:59 PM,26/Feb/26 8:32 AM,,,,-506:06,-2496:06
Ticket,ARTM-97,37592,MNDA - MSC,Rudy Gonzalez,712020:da530dc5-b929-4002-92ec-fab2c56e1ccc,Chris Mehl,712020:fbbf3826-8b54-44b4-af81-63db42e31efc,High,Completed,,30/Jan/26 11:12 AM,02/Mar/26 9:24 AM,,2026-01-30 17:00:51.994,,,-2571:53
Ticket,ARTM-96,37437,Peopleready Proposal Review,Sarah Haney,712020:e6914fbd-c561-484f-ba0d-790dff4f0f83,Candace Robinson,712020:b78c48c6-502a-4cfa-9674-b06bc17916d2,Highest,Completed,,28/Jan/26 4:50 PM,02/Feb/26 1:33 PM,,,,,-2614:15
Ticket,ARTM-95,37227,Walmart IND1 SOW - Compliance Report,Rudy Gonzalez,712020:da530dc5-b929-4002-92ec-fab2c56e1ccc,Rudy Gonzalez,712020:da530dc5-b929-4002-92ec-fab2c56e1ccc,High,Completed,,27/Jan/26 1:10 PM,27/Jan/26 1:10 PM,28/Jan/26 12:00 AM,,,,-2641:56
Ticket,ARTM-94,37054,Review of IMI Project Engineer Candidate Non-Compete,Sarah Haney,712020:e6914fbd-c561-484f-ba0d-790dff4f0f83,LeandraBryan@imikansas.com,qm:70fa0599-e00f-42c0-9e5a-b1b09fb44891:19931e6c-7b7d-4c5f-9769-1e6e70951a7f,Highest,Completed,,26/Jan/26 10:23 AM,02/Feb/26 4:37 PM,,,,-534:12,-2668:42
Ticket,ARTM-93,37020,Murata NDA,Rudy Gonzalez,712020:da530dc5-b929-4002-92ec-fab2c56e1ccc,Nathan Swift,712020:e9328490-64de-4afa-b013-04b673186471,Highest,Completed,,25/Jan/26 9:49 PM,16/Feb/26 7:59 AM,,,,-517:05,-2681:16
Ticket,ARTM-92,36912,Walmart IND1 Signed SOW,Rudy Gonzalez,712020:da530dc5-b929-4002-92ec-fab2c56e1ccc,Rudy Gonzalez,712020:da530dc5-b929-4002-92ec-fab2c56e1ccc,Highest,Completed,,23/Jan/26 3:52 PM,29/Jan/26 9:11 AM,28/Jan/26 12:00 AM,,27/Jan/26 12:00 AM,-564:12,-2735:14
Ticket,ARTM-91,36844,NDA - LogistiQ,Rudy Gonzalez,712020:da530dc5-b929-4002-92ec-fab2c56e1ccc,Jim Baehr,712020:a97c15d3-bbb3-4eb6-9d0f-029537d6ef08,Highest,Completed,,23/Jan/26 11:31 AM,02/Feb/26 9:16 AM,,,,-564:15,-2739:34
Ticket,ARTM-90,35955,Johnson Electric MNDA,Rudy Gonzalez,712020:da530dc5-b929-4002-92ec-fab2c56e1ccc,Brad Storms,712020:d5bbe4c7-35c1-477e-8372-bbbb62011e2b,Medium,Completed,,16/Jan/26 12:35 PM,02/Feb/26 9:30 AM,,2026-01-19 14:41:45.19,,,-49:06
Ticket,ARTM-88,35914,Trew - Letter of Authorization,Jim Baehr,712020:a97c15d3-bbb3-4eb6-9d0f-029537d6ef08,Rudy Gonzalez,712020:da530dc5-b929-4002-92ec-fab2c56e1ccc,Highest,Completed,,16/Jan/26 11:03 AM,02/Feb/26 9:04 AM,16/Jan/26 12:00 AM,2026-01-16 20:29:38.404,16/Jan/26 12:00 AM,-608:59,-2908:03
Ticket,ARTM-87,35850,Review of IMI Mechanical Engineer Candidate Non Compete,Sarah Haney,712020:e6914fbd-c561-484f-ba0d-790dff4f0f83,LeandraBryan@imikansas.com,qm:70fa0599-e00f-42c0-9e5a-b1b09fb44891:19931e6c-7b7d-4c5f-9769-1e6e70951a7f,Highest,Completed,,14/Jan/26 1:31 PM,25/Feb/26 4:34 PM,,2026-01-14 19:50:18.645,,-515:23,18:40
Ticket,ARTM-86,35731,Mutual NDA - Percivon,Rudy Gonzalez,712020:da530dc5-b929-4002-92ec-fab2c56e1ccc,Vijay Kapila,712020:c1c06019-c5b4-4e77-9e87-683c76e71dd0,Highest,Completed,,14/Jan/26 9:37 AM,15/Jan/26 1:20 PM,20/Jan/26 12:00 AM,2026-01-14 14:41:31.614,19/Jan/26 12:00 AM,-626:06,19:55
Ticket,ARTM-85,35723,Review Non-Compete - IMI Mechanical Engineer Candidate ,Sarah Haney,712020:e6914fbd-c561-484f-ba0d-790dff4f0f83,LeandraBryan@imikansas.com,qm:70fa0599-e00f-42c0-9e5a-b1b09fb44891:19931e6c-7b7d-4c5f-9769-1e6e70951a7f,Highest,Completed,,13/Jan/26 5:02 PM,26/Jan/26 1:31 PM,,,,-627:02,-2974:03
Ticket,ARTM-84,35722,Doral - Subcontract language  change request,Jim Baehr,712020:a97c15d3-bbb3-4eb6-9d0f-029537d6ef08,Wesley Smith,712020:5e9b5786-5ee2-41df-b744-c94a2f133a6a,Highest,Completed,,13/Jan/26 3:17 PM,29/Jan/26 9:04 AM,,2026-01-13 20:22:59.064,,-626:06,19:54
Ticket,ARTM-83,35635,Non-Compete Agreement - P&C,Sarah Haney,712020:e6914fbd-c561-484f-ba0d-790dff4f0f83,Rudy Gonzalez,712020:da530dc5-b929-4002-92ec-fab2c56e1ccc,High,Completed,,12/Jan/26 2:17 PM,26/Jan/26 10:50 AM,19/Jan/26 12:00 AM,2026-01-26 15:50:15.825,19/Jan/26 12:00 AM,-634:06,-3000:48
Ticket,ARTM-82,35376,Sketchdeck MNDA,Sarah Haney,712020:e6914fbd-c561-484f-ba0d-790dff4f0f83,Megan Taylor,60a6b9829b362f0069259c5d,Highest,Completed,,07/Jan/26 3:10 PM,19/Jan/26 9:04 AM,,2026-01-07 20:18:19.479,,-642:06,19:51
Ticket,ARTM-81,35302,UpTime Solutions - MNDA,Rudy Gonzalez,712020:da530dc5-b929-4002-92ec-fab2c56e1ccc,Timothy Le,636e7ac1db77c018ecd26286,Highest,Completed,,06/Jan/26 1:57 PM,14/Jan/26 5:43 PM,,2026-01-06 19:06:19.371,,,19:50
Ticket,ARTM-80,34565,"Working with Walmart on an SOW for a new project, and we’ve received some initial comments from Walmart’s legal team. See e-mail dated Thu 12/18/25 10:17 PM. Please review and provide guidance on next steps or appropriate responses. ",Jim Baehr,712020:a97c15d3-bbb3-4eb6-9d0f-029537d6ef08,Michael Horvath,712020:ed791bd0-a860-4e1f-9d83-d7a63d9ee281,Highest,Completed,,19/Dec/25 11:17 AM,12/Jan/26 8:37 AM,,,,,-3579:48
Ticket,ARTM-79,34564,Proactive Global Staffing Agreements,Jim Baehr,712020:a97c15d3-bbb3-4eb6-9d0f-029537d6ef08,Ruth Ann Rooker,712020:ea0624cd-ac60-4dbf-856d-a2f244a8191e,Highest,Discovery,,19/Dec/25 11:16 AM,24/Apr/26 2:30 PM,,2025-12-19 20:22:54.013,,-764:44,15:53
Ticket,ARTM-78,34388,Action Electric MNDA,Rudy Gonzalez,712020:da530dc5-b929-4002-92ec-fab2c56e1ccc,Matt Greene,712020:dc0304d7-108e-4c7e-a91e-20859399d077,Highest,Changes Requested,,17/Dec/25 11:21 AM,13/May/26 3:30 PM,,2025-12-18 22:24:46.934,,-784:17,-10:02
Ticket,ARTM-77,34387,RDK Fabrication MNDA,Sarah Haney,712020:e6914fbd-c561-484f-ba0d-790dff4f0f83,Matt Greene,712020:dc0304d7-108e-4c7e-a91e-20859399d077,Highest,Completed,,17/Dec/25 11:20 AM,04/Mar/26 7:40 AM,,2025-12-18 22:29:37.283,,-784:17,-10:09
Ticket,ARTM-76,34385,Walmart MSA Review ,Jim Baehr,712020:a97c15d3-bbb3-4eb6-9d0f-029537d6ef08,Martin Maier,712020:82caaaa7-9343-4d1b-8a64-0d2c13cfaf5c,Highest,Completed,,17/Dec/25 10:13 AM,15/Jan/26 11:58 PM,,2025-12-17 15:25:42.107,,-784:17,19:48
Ticket,ARTM-75,34306,Mutual NDA with Trimasys (Contract engineers for Controls),Rudy Gonzalez,712020:da530dc5-b929-4002-92ec-fab2c56e1ccc,Vijay Kapila,712020:c1c06019-c5b4-4e77-9e87-683c76e71dd0,Highest,Completed,,16/Dec/25 2:41 PM,06/Jan/26 9:50 AM,,2025-12-16 20:00:48.045,,-789:04,19:41
Ticket,ARTM-74,34301,Dematic 2026 Integrator Agreement,Jim Baehr,712020:a97c15d3-bbb3-4eb6-9d0f-029537d6ef08,Meg Smith,70121:ed98365c-5c88-4885-9277-40f8fd6b4a6e,Highest,Completed,,16/Dec/25 1:23 PM,12/Jan/26 9:00 AM,,,,-789:49,-3649:43
Ticket,ARTM-73,34067,OMNI MNDA for USPS Memphis MEWS,Sarah Haney,712020:e6914fbd-c561-484f-ba0d-790dff4f0f83,Austin Umstead,712020:9ccafdbd-d2e1-41e7-a7f2-000abe4986b9,Highest,Completed,,12/Dec/25 3:21 PM,19/Jan/26 9:05 AM,,2025-12-12 22:29:28.712,,,-3743:45
Ticket,ARTM-72,33601,Tractor Supply MNDA,Rudy Gonzalez,712020:da530dc5-b929-4002-92ec-fab2c56e1ccc,Alexa Brock,712020:02e03366-76a5-49b3-8b94-a959642e0146,Highest,Completed,,09/Dec/25 11:36 AM,10/Dec/25 2:08 PM,,2025-12-09 17:08:46.56,,-831:58,-3819:29
Ticket,ARTM-71,33360,Ivesia - Direct Placement Agreement,Sarah Haney,712020:e6914fbd-c561-484f-ba0d-790dff4f0f83,Ruth Ann Rooker,712020:ea0624cd-ac60-4dbf-856d-a2f244a8191e,Highest,Completed,,05/Dec/25 9:38 AM,19/Jan/26 4:44 PM,,,,-850:06,-3917:27
Ticket,ARTM-70,33162,Bunting Magnetics - MNDA,Rudy Gonzalez,712020:da530dc5-b929-4002-92ec-fab2c56e1ccc,Olivia Pennington,712020:93ca02f9-d71c-46e9-8a29-e98d3cbece60,High,Completed,,03/Dec/25 10:44 AM,07/Jan/26 9:45 AM,,2025-12-04 22:38:19.153,,-850:23,-10:53
Ticket,ARTM-69,32607,MNDA (renewal) - Mosimtec,Rudy Gonzalez,712020:da530dc5-b929-4002-92ec-fab2c56e1ccc,Chris Mehl,712020:fbbf3826-8b54-44b4-af81-63db42e31efc,Highest,Completed,,24/Nov/25 3:11 PM,25/Nov/25 1:31 PM,,2025-11-25 15:50:38.898,,-914:54,-4175:54
Ticket,ARTM-67,32605,DISNEY - SOW 001,Jim Baehr,712020:a97c15d3-bbb3-4eb6-9d0f-029537d6ef08,Chris Mehl,712020:fbbf3826-8b54-44b4-af81-63db42e31efc,Highest,Negotiation,,24/Nov/25 2:05 PM,07/Apr/26 10:13 AM,,2025-12-01 14:29:16.526,,-914:54,-4177:00
Ticket,ARTM-66,32604,APTR -  Staffing Services MSA,Sarah Haney,712020:e6914fbd-c561-484f-ba0d-790dff4f0f83,Ruth Ann Rooker,712020:ea0624cd-ac60-4dbf-856d-a2f244a8191e,Medium,Completed,,24/Nov/25 1:57 PM,04/Feb/26 11:26 AM,,2025-11-24 19:02:37.784,,-915:01,19:54
Ticket,ARTM-65,32250,Vitronic MNDA ,Sarah Haney,712020:e6914fbd-c561-484f-ba0d-790dff4f0f83,Satyen Pathak,712020:45fd1289-06b8-42b5-afe8-b355781d3a6d,Highest,Completed,,20/Nov/25 12:01 PM,24/Nov/25 1:03 PM,,2025-11-21 18:01:30.667,,-934:17,-4275:04
Ticket,ARTM-64,32244,MNDA - Silman,Jim Baehr,712020:a97c15d3-bbb3-4eb6-9d0f-029537d6ef08,Meg Smith,70121:ed98365c-5c88-4885-9277-40f8fd6b4a6e,Lowest,Discovery,,20/Nov/25 8:26 AM,30/Jan/26 11:15 AM,,2025-11-20 15:52:42.902,,-937:19,17:33
Ticket,ARTM-63,32197,Robust AI - MNDA,Rudy Gonzalez,712020:da530dc5-b929-4002-92ec-fab2c56e1ccc,Justin Willbanks,712020:ead163d6-ad62-4b73-b8ec-f4cc7c832c61,Highest,Completed,,19/Nov/25 8:04 PM,04/Dec/25 9:40 AM,,2025-11-25 15:53:41.138,,-914:58,-114:54
Ticket,ARTM-62,32127,PetSmart - Royalty Agreement,Jim Baehr,712020:a97c15d3-bbb3-4eb6-9d0f-029537d6ef08,Justin Ray,712020:a6d30ccc-c9c5-49c3-bb57-706285d10451,High,Completed,,19/Nov/25 11:30 AM,12/Jan/26 8:55 AM,,2025-11-19 16:44:13.855,,-944:34,-4299:35
Ticket,ARTM-61,32057,Vertex Form Agreement,Rudy Gonzalez,712020:da530dc5-b929-4002-92ec-fab2c56e1ccc,Rudy Gonzalez,712020:da530dc5-b929-4002-92ec-fab2c56e1ccc,Highest,Completed,,18/Nov/25 8:33 AM,19/Jan/26 8:30 AM,,,,-954:06,-4326:32
Ticket,ARTM-60,31830,Disney - Professional Services Agreement  ,Jim Baehr,712020:a97c15d3-bbb3-4eb6-9d0f-029537d6ef08,Chris Mehl,712020:fbbf3826-8b54-44b4-af81-63db42e31efc,Highest,Completed,,11/Nov/25 5:00 PM,07/Apr/26 9:01 AM,,2025-11-14 13:46:31.415,,-970:06,-4486:05
Ticket,ARTM-59,31597,"Animo Dev, LLC MNDA",Rudy Gonzalez,712020:da530dc5-b929-4002-92ec-fab2c56e1ccc,Christopher Hogan,712020:3d48f758-f7b4-42c0-9024-b7b4c6c01dc7,Highest,Completed,,09/Nov/25 10:57 AM,10/Nov/25 8:56 AM,,2025-11-10 13:55:04.401,,,-4540:08
Ticket,ARTM-58,31485,US Trades Service Agreement,Sarah Haney,712020:e6914fbd-c561-484f-ba0d-790dff4f0f83,Angela Lasher,712020:66366c72-8e2f-4757-bd1a-ee15f838127c,Highest,Completed,,06/Nov/25 10:27 AM,24/Feb/26 12:44 PM,,2025-11-06 16:55:57.109,,-1013:10,18:31
Ticket,ARTM-57,31241,L3Harris - General Terms & Conditions document from,Rudy Gonzalez,712020:da530dc5-b929-4002-92ec-fab2c56e1ccc,Fred Rudolph,712020:b241a857-e844-43df-9289-c741ff2e815b,Highest,Completed,,31/Oct/25 9:55 AM,03/Mar/26 3:44 PM,,2025-11-03 14:27:19.593,,-1042:06,-82:01
Ticket,ARTM-56,31124,Wildeck Ts & Cs,Jim Baehr,712020:a97c15d3-bbb3-4eb6-9d0f-029537d6ef08,Meg Smith,70121:ed98365c-5c88-4885-9277-40f8fd6b4a6e,Lowest,Completed,,29/Oct/25 8:39 PM,03/Nov/25 9:25 AM,,,,,-4795:26
Ticket,ARTM-55,31119,Bimbo Bakeries Master Service Agreement,Rudy Gonzalez,712020:da530dc5-b929-4002-92ec-fab2c56e1ccc,Justin Ray,712020:a6d30ccc-c9c5-49c3-bb57-706285d10451,Highest,Completed,,29/Oct/25 10:26 AM,06/Jan/26 2:52 PM,,2025-10-29 15:38:15.511,,-1042:06,18:48
Ticket,ARTM-54,30786,Review of Terms and Conditions attached to a services quote ,Sarah Haney,712020:e6914fbd-c561-484f-ba0d-790dff4f0f83,Candace Robinson,712020:b78c48c6-502a-4cfa-9674-b06bc17916d2,Highest,Completed,,23/Oct/25 12:15 PM,03/Nov/25 9:05 AM,,2025-10-31 12:10:28.697,,-1095:47,-167:54
Ticket,ARTM-53,30785,TCB Industries - MNDA,Sarah Haney,712020:e6914fbd-c561-484f-ba0d-790dff4f0f83,Brent Whittaker,712020:c0527f63-73dd-434b-9d31-e74561d6461c,Highest,Completed,,23/Oct/25 9:24 AM,06/Nov/25 2:51 PM,,2025-10-23 13:38:36.733,,-1095:47,19:45
Ticket,ARTM-52,30777,Stream Reality Partners - MNDA,Sarah Haney,712020:e6914fbd-c561-484f-ba0d-790dff4f0f83,Fred Rudolph,712020:b241a857-e844-43df-9289-c741ff2e815b,Highest,Completed,,22/Oct/25 10:43 AM,30/Mar/26 9:18 AM,,2025-10-22 15:10:52.701,,-1102:21,19:31
Ticket,ARTM-50,30629,Bridgestone NDA,Rudy Gonzalez,712020:da530dc5-b929-4002-92ec-fab2c56e1ccc,Alexa Brock,712020:02e03366-76a5-49b3-8b94-a959642e0146,Low,Completed,,17/Oct/25 4:10 PM,29/Jan/26 9:11 AM,,2025-10-21 14:16:41.368,,-1113:49,-70:05
Ticket,ARTM-49,30621,Bimbo Bakery NDA review,Rudy Gonzalez,712020:da530dc5-b929-4002-92ec-fab2c56e1ccc,Bob Hosier,712020:a3bf0df8-6437-461e-944b-2e56c1bbbcf0,Highest,Completed,,17/Oct/25 10:03 AM,12/Jan/26 8:51 AM,,2025-10-21 14:13:41.545,,-1113:51,-76:09
Ticket,ARTM-48,30515,MNDA Nerak ,Rudy Gonzalez,712020:da530dc5-b929-4002-92ec-fab2c56e1ccc,Brad Storms,712020:d5bbe4c7-35c1-477e-8372-bbbb62011e2b,Highest,Completed,,15/Oct/25 12:07 PM,10/Nov/25 8:51 AM,31/Oct/25 12:00 AM,2025-10-15 19:35:51.241,24/Oct/25 12:00 AM,-1140:40,16:31
Ticket,ARTM-46,30284,Cardinal Health - MNDA,Jim Baehr,712020:a97c15d3-bbb3-4eb6-9d0f-029537d6ef08,Rudy Gonzalez,712020:da530dc5-b929-4002-92ec-fab2c56e1ccc,Highest,Completed,,10/Oct/25 8:53 AM,12/Jan/26 8:50 AM,,,,-1162:06,-5263:12
Ticket,ARTM-45,30200,Mujin - Supplier Subcontractor Agreement,Jim Baehr,712020:a97c15d3-bbb3-4eb6-9d0f-029537d6ef08,Rudy Gonzalez,712020:da530dc5-b929-4002-92ec-fab2c56e1ccc,Low,Discovery,,07/Oct/25 2:23 PM,12/Jan/26 8:50 AM,,,,-1162:06,-5329:42
Ticket,ARTM-44,30198,MNDA - US Trades LLC,Rudy Gonzalez,712020:da530dc5-b929-4002-92ec-fab2c56e1ccc,Angela Lasher,712020:66366c72-8e2f-4757-bd1a-ee15f838127c,Highest,Completed,,07/Oct/25 12:49 PM,28/Oct/25 2:57 PM,,2025-10-08 17:42:15.854,,-1190:44,-5331:17
Ticket,ARTM-40,30129,TREW MSA,Jim Baehr,712020:a97c15d3-bbb3-4eb6-9d0f-029537d6ef08,Rudy Gonzalez,712020:da530dc5-b929-4002-92ec-fab2c56e1ccc,Highest,Completed,,06/Oct/25 12:47 PM,12/Jan/26 8:49 AM,,,,-1190:44,-5355:18
Ticket,ARTM-39,30096,Clorox MNDA,Jim Baehr,712020:a97c15d3-bbb3-4eb6-9d0f-029537d6ef08,Rudy Gonzalez,712020:da530dc5-b929-4002-92ec-fab2c56e1ccc,Medium,Completed,,06/Oct/25 8:55 AM,06/Oct/25 12:45 PM,,,01/Oct/25 12:00 AM,,-5359:10
Ticket,ARTM-37,29726,Intralox,Jim Baehr,712020:a97c15d3-bbb3-4eb6-9d0f-029537d6ef08,Rudy Gonzalez,712020:da530dc5-b929-4002-92ec-fab2c56e1ccc,Medium,Completed,,25/Sep/25 10:54 AM,30/Sep/25 3:14 PM,,,,,-5621:12
Ticket,ARTM-36,29723,Graco -- Contract Support,Jim Baehr,712020:a97c15d3-bbb3-4eb6-9d0f-029537d6ef08,Rudy Gonzalez,712020:da530dc5-b929-4002-92ec-fab2c56e1ccc,Medium,Completed,,25/Sep/25 9:33 AM,07/Oct/25 2:12 PM,,,,,-5622:32
Ticket,ARTM-35,29696,Golden Goose- MNDA,Jim Baehr,712020:a97c15d3-bbb3-4eb6-9d0f-029537d6ef08,Rudy Gonzalez,712020:da530dc5-b929-4002-92ec-fab2c56e1ccc,Medium,Completed,,24/Sep/25 4:41 PM,25/Sep/25 2:41 PM,,,,,-5639:24
Ticket,ARTM-34,29695,General Dynamics - Customer Agreement ,Jim Baehr,712020:a97c15d3-bbb3-4eb6-9d0f-029537d6ef08,Rudy Gonzalez,712020:da530dc5-b929-4002-92ec-fab2c56e1ccc,Medium,Completed,,24/Sep/25 4:35 PM,25/Sep/25 2:41 PM,,,,,-5639:30
Ticket,ARTM-33,29694,Geek+ MSA and MNDA,Jim Baehr,712020:a97c15d3-bbb3-4eb6-9d0f-029537d6ef08,Rudy Gonzalez,712020:da530dc5-b929-4002-92ec-fab2c56e1ccc,Medium,Changes Requested,,24/Sep/25 4:03 PM,09/Apr/26 4:26 PM,,,,-1253:25,-5640:02
Ticket,ARTM-32,29693,"ScanSource -- Datum MSA, EULA, & SOW",Jim Baehr,712020:a97c15d3-bbb3-4eb6-9d0f-029537d6ef08,Rudy Gonzalez,712020:da530dc5-b929-4002-92ec-fab2c56e1ccc,Medium,Completed,,24/Sep/25 3:56 PM,15/Oct/25 3:50 PM,,,,,-5640:09
Ticket,ARTM-31,29692,Disney Lump Sum Construction Contract,Jim Baehr,712020:a97c15d3-bbb3-4eb6-9d0f-029537d6ef08,Rudy Gonzalez,712020:da530dc5-b929-4002-92ec-fab2c56e1ccc,Medium,Completed,,24/Sep/25 3:11 PM,07/Oct/25 2:03 PM,,,,-1253:25,-5640:54
Ticket,ARTM-30,29623,Subcontractor Language - Change Order Billing Process.,Jim Baehr,712020:a97c15d3-bbb3-4eb6-9d0f-029537d6ef08,Rudy Gonzalez,712020:da530dc5-b929-4002-92ec-fab2c56e1ccc,Medium,Completed,,23/Sep/25 4:41 PM,12/Jan/26 8:49 AM,,,,-1267:01,-5663:25
Ticket,ARTM-29,29622,ATG - MNDA,Rudy Gonzalez,712020:da530dc5-b929-4002-92ec-fab2c56e1ccc,Rudy Gonzalez,712020:da530dc5-b929-4002-92ec-fab2c56e1ccc,Medium,Completed,,23/Sep/25 3:41 PM,07/Oct/25 1:47 PM,,,,,-5664:24
Ticket,ARTM-28,29621,Wiese rental agreement,Jim Baehr,712020:a97c15d3-bbb3-4eb6-9d0f-029537d6ef08,Rudy Gonzalez,712020:da530dc5-b929-4002-92ec-fab2c56e1ccc,Medium,Completed,,23/Sep/25 3:31 PM,30/Sep/25 11:23 AM,,,,,-5664:34
Ticket,ARTM-41,29601,Schmalz - NDA,Rudy Gonzalez,712020:da530dc5-b929-4002-92ec-fab2c56e1ccc,Austin Umstead,712020:9ccafdbd-d2e1-41e7-a7f2-000abe4986b9,Medium,Completed,,23/Sep/25 1:22 PM,08/Oct/25 12:02 PM,,2025-10-06 21:01:05.844,,-1269:46,-5666:43
Ticket,ARTM-27,29588,Tompkins Robotics,Rudy Gonzalez,712020:da530dc5-b929-4002-92ec-fab2c56e1ccc,Rudy Gonzalez,712020:da530dc5-b929-4002-92ec-fab2c56e1ccc,Low,Discovery,,23/Sep/25 8:40 AM,27/Feb/26 8:58 AM,,,,-1189:52,-5671:25
Ticket,ARTM-26,29587,Terracon - MSA,Rudy Gonzalez,712020:da530dc5-b929-4002-92ec-fab2c56e1ccc,Rudy Gonzalez,712020:da530dc5-b929-4002-92ec-fab2c56e1ccc,Medium,Completed,,23/Sep/25 8:38 AM,06/Nov/25 3:27 PM,,,,,-5671:27
Ticket,ARTM-25,29586,Columbia Okura - Terms and Conditions ,Rudy Gonzalez,712020:da530dc5-b929-4002-92ec-fab2c56e1ccc,Rudy Gonzalez,712020:da530dc5-b929-4002-92ec-fab2c56e1ccc,Low,Discovery,,23/Sep/25 8:38 AM,12/Jan/26 8:48 AM,,,,-1253:23,-5671:28
Ticket,ARTM-24,29585,HireQuest - MSA,Sarah Haney,712020:e6914fbd-c561-484f-ba0d-790dff4f0f83,Rudy Gonzalez,712020:da530dc5-b929-4002-92ec-fab2c56e1ccc,Medium,Completed,,23/Sep/25 8:36 AM,09/Mar/26 4:12 PM,,,,-1253:23,-5671:29
Ticket,ARTM-23,29584,HazTek - Proposal Review,Rudy Gonzalez,712020:da530dc5-b929-4002-92ec-fab2c56e1ccc,Rudy Gonzalez,712020:da530dc5-b929-4002-92ec-fab2c56e1ccc,Medium,Completed,,23/Sep/25 8:36 AM,15/Oct/25 3:46 PM,,,,-1253:23,-5671:29
Ticket,ARTM-22,29583,JDM Mechanical -  Contract Support,Jim Baehr,712020:a97c15d3-bbb3-4eb6-9d0f-029537d6ef08,Rudy Gonzalez,712020:da530dc5-b929-4002-92ec-fab2c56e1ccc,Medium,Completed,,23/Sep/25 8:35 AM,07/Oct/25 1:51 PM,,,,,-5671:30
Ticket,ARTM-21,29582,Applied Technology Group - MSA,Jim Baehr,712020:a97c15d3-bbb3-4eb6-9d0f-029537d6ef08,Rudy Gonzalez,712020:da530dc5-b929-4002-92ec-fab2c56e1ccc,Medium,Completed,,23/Sep/25 8:34 AM,11/Dec/25 11:51 AM,,,,,-5671:31
Ticket,ARTM-20,29581,PeopleReady - Staffing Agreement,Jim Baehr,712020:a97c15d3-bbb3-4eb6-9d0f-029537d6ef08,Rudy Gonzalez,712020:da530dc5-b929-4002-92ec-fab2c56e1ccc,Medium,Sent,,23/Sep/25 8:33 AM,11/May/26 3:19 PM,15/Sep/25 12:00 AM,2025-11-07 16:32:13.347,,-1190:19,-5671:32
Ticket,ARTM-17,29578,MOVU MOU,Jim Baehr,712020:a97c15d3-bbb3-4eb6-9d0f-029537d6ef08,Rudy Gonzalez,712020:da530dc5-b929-4002-92ec-fab2c56e1ccc,Medium,Discovery,,23/Sep/25 7:54 AM,03/Nov/25 9:38 AM,,,,-1253:33,-5672:11
Ticket,ARTM-16,29515,Sephora MNDA,Jim Baehr,712020:a97c15d3-bbb3-4eb6-9d0f-029537d6ef08,Rudy Gonzalez,712020:da530dc5-b929-4002-92ec-fab2c56e1ccc,Medium,Completed,,22/Sep/25 5:29 PM,30/Oct/25 1:19 PM,24/Sep/25 12:00 AM,2025-09-22 21:38:38.796,24/Sep/25 12:00 AM,-1253:24,-5686:36
Ticket,ARTM-15,29432,"ScanSource MSA, SOW And EULA",Jim Baehr,712020:a97c15d3-bbb3-4eb6-9d0f-029537d6ef08,Rudy Gonzalez,712020:da530dc5-b929-4002-92ec-fab2c56e1ccc,Medium,Completed,,20/Sep/25 10:43 AM,30/Oct/25 1:16 PM,,2025-09-22 21:40:58.584,,,-5741:22
Ticket,ARTM-14,29431,Uni Express Inc. -- MNDA,Jim Baehr,712020:a97c15d3-bbb3-4eb6-9d0f-029537d6ef08,Rudy Gonzalez,712020:da530dc5-b929-4002-92ec-fab2c56e1ccc,Medium,Completed,,19/Sep/25 3:41 PM,30/Oct/25 1:11 PM,,,,,-5760:24
Ticket,ARTM-13,29388,"RXO - Agreement for ""Yard Jockey Facilitation""",Rudy Gonzalez,712020:da530dc5-b929-4002-92ec-fab2c56e1ccc,Rudy Gonzalez,712020:da530dc5-b929-4002-92ec-fab2c56e1ccc,Medium,Completed,,19/Sep/25 12:27 PM,12/Jan/26 8:46 AM,10/Oct/25 12:00 AM,,03/Oct/25 12:00 AM,-1250:06,-5763:39
Ticket,ARTM-12,29387,"YASKAWA AMERICA, INC. -  TERMS AND CONDITIONS OF SALE ",Rudy Gonzalez,712020:da530dc5-b929-4002-92ec-fab2c56e1ccc,Rudy Gonzalez,712020:da530dc5-b929-4002-92ec-fab2c56e1ccc,Medium,Discovery,,19/Sep/25 12:16 PM,03/Nov/25 9:32 AM,,,03/Oct/25 12:00 AM,-1253:34,-5763:49
Ticket,ARTM-11,29365,Honeywell Intelligrated Integrator Agreement  ,Jim Baehr,712020:a97c15d3-bbb3-4eb6-9d0f-029537d6ef08,Rudy Gonzalez,712020:da530dc5-b929-4002-92ec-fab2c56e1ccc,Medium,Negotiation,,19/Sep/25 10:28 AM,31/Mar/26 10:32 AM,,,,-1287:34,-5765:37
Ticket,ARTM-10,29363,OPEX CORPORATION Reseller Products and Software Distribution Agreement,Jim Baehr,712020:a97c15d3-bbb3-4eb6-9d0f-029537d6ef08,Rudy Gonzalez,712020:da530dc5-b929-4002-92ec-fab2c56e1ccc,Medium,Completed,,19/Sep/25 10:22 AM,30/Oct/25 1:09 PM,,,,,-5765:43
Ticket,ARTM-9,29362,A-Lign Professional Services Agreement,Jim Baehr,712020:a97c15d3-bbb3-4eb6-9d0f-029537d6ef08,Rudy Gonzalez,712020:da530dc5-b929-4002-92ec-fab2c56e1ccc,Medium,Completed,,19/Sep/25 10:00 AM,07/Apr/26 9:33 AM,03/Oct/25 12:00 AM,,03/Oct/25 12:00 AM,,-5766:05
Ticket,ARTM-8,29351,MNDA for Hunter Douglas,Rudy Gonzalez,712020:da530dc5-b929-4002-92ec-fab2c56e1ccc,Jim Baehr,712020:a97c15d3-bbb3-4eb6-9d0f-029537d6ef08,High,Completed,,18/Sep/25 3:01 PM,30/Oct/25 1:08 PM,23/Sep/25 12:00 AM,2025-09-18 19:07:37.518,23/Sep/25 12:00 AM,-1293:01,-5785:04
Ticket,ARTM-7,29348,MNDA - MC Dean and Waller,Jim Baehr,712020:a97c15d3-bbb3-4eb6-9d0f-029537d6ef08,Rudy Gonzalez,712020:da530dc5-b929-4002-92ec-fab2c56e1ccc,Medium,Completed,,18/Sep/25 2:14 PM,15/Oct/25 3:01 PM,17/Oct/25 12:00 AM,2025-09-18 19:13:53.378,26/Sep/25 12:00 AM,-1293:42,19:00
Ticket,ARTM-42,28308,A-LIGN MSA,Rudy Gonzalez,712020:da530dc5-b929-4002-92ec-fab2c56e1ccc,Adam Bommer,712020:0a6af850-8d5b-4ced-ac41-e4131dc55769,Medium,Completed,,11/Aug/25 2:22 PM,30/Oct/25 11:40 AM,,2025-08-11 20:11:29.032,,-1516:06,-6697:43
